"data","id_marca","marca","veiculo","vendas","valor_do_veiculo","receita"
"2022-01-01","1","Fiat","Mobi","40","29000","1160000"
"2022-01-01","1","Fiat","argo","2","49000","98000"
"2022-01-01","1","Fiat","Uno","3","19000","57000"
"2022-01-01","2","Volkswagen","Up","35","35000","1225000"
"2022-01-01","3","Kia","Picanto","42","32000","1344000"
"2022-01-01","2","Volkswagen","Gol","2","40000","80000"
"2022-01-01","7","Mitsubishi","Lancer","4","60000","240000"
"2022-01-01","2","Volkswagen","Kombi","1","35000","35000"
"2022-01-01","9","Chevrolet","onix","2","45200","90400"
"2022-01-01","10","JaC Motors","E-J7","1","270000","270000"
"2022-01-01","11","Renault","Captur","5","70000","350000"
"2022-02-01","1","Fiat","Palio","1","8000","8000"
"2022-02-01","2","Volkswagen","Up","40","35000","1400000"
"2022-02-01","1","Fiat","Mobi","52","29000","1508000"
"2022-02-01","3","Kia","Picanto","30","36000","1080000"
"2022-02-01","5","Toyota","Yaris","15","45000","675000"
"2022-02-01","6","Nissan","March","2","28000","56000"
"2022-02-01","7","Mitsubishi","L200","7","240000","1680000"
"2022-02-01","2","Volkswagen","Gol","6","30000","180000"
"2022-02-01","3","Kia","Cerato","4","41000","164000"
"2022-02-01","10","JaC Motors","E-JS1","6","145000","870000"
"2022-02-01","11","Renault","Duster","3","60000","180000"
"2022-03-01","1","Fiat","Uno","1","10000","10000"
"2022-03-01","2","Volkswagen","Up","30","35000","1050000"
"2022-03-01","3","Kia","Picanto","25","145000","3625000"
"2022-03-01","4","Peugeot","208","20","79000","1580000"
"2022-03-01","1","Fiat","Mobi","30","30000","900000"
"2022-03-01","2","Volkswagen","Gol","1","28000","28000"
"2022-03-01","7","Mitsubishi","Lancer","1","75000","75000"
"2022-03-01","8","Subaru","Forester","2","300000","600000"
"2022-03-01","9","Chevrolet","onix","3","45000","135000"
"2022-03-01","10","JaC Motors","J5","5","25000","125000"
"2022-03-01","11","Renault","Sandero","1","30000","30000"
"2022-04-01","1","Fiat","Mobi","40","28000","1120000"
"2022-04-01","2","Volkswagen","Up","45","30000","1350000"
"2022-04-01","3","Kia","Picanto","30","26000","780000"
"2022-04-01","4","Peugeot","208","25","85000","2125000"
"2022-04-01","1","Fiat","Palio","1","12000","12000"
"2022-04-01","6","Nissan","March","5","30000","150000"
"2022-04-01","7","Mitsubishi","Eclipse","1","124000","124000"
"2022-04-01","8","Subaru","XV","4","320000","1280000"
"2022-04-01","2","Volkswagen","Polo","1","99000","99000"
"2022-04-01","10","JaC Motors","J2","1","14000","14000"
"2022-04-01","11","Renault","Clio","5","25000","125000"
"2022-05-01","1","Fiat","Mobi","50","25000","1250000"
"2022-05-01","2","Volkswagen","Up","45","29000","1305000"
"2022-05-01","3","Kia","Picanto","35","19000","665000"
"2022-05-01","1","Fiat","argo","2","28000","56000"
"2022-05-01","5","Toyota","Yaris","3","35000","105000"
"2022-05-01","6","Nissan","March","7","22000","154000"
"2022-05-01","2","Volkswagen","T-Cross","2","90000","180000"
"2022-05-01","8","Subaru","Forester","4","320000","1280000"
"2022-05-01","9","Chevrolet","onix","3","40000","120000"
"2022-05-01","10","JaC Motors","J2","2","12000","24000"
"2022-05-01","11","Renault","Clio","5","18000","90000"
"2022-06-01","1","Fiat","Mobi","45","26000","1170000"
"2022-06-01","2","Volkswagen","Up","35","30000","1050000"
"2022-06-01","3","Kia","Picanto","30","20000","600000"
"2022-06-01","4","Peugeot","208","20","78000","1560000"
"2022-06-01","1","Fiat","Uno","2","20000","40000"
"2022-06-01","6","Nissan","March","3","23000","69000"
"2022-06-01","7","Mitsubishi","Pajero","8","160000","1280000"
"2022-06-01","1","Fiat","Cronos","4","80000","320000"
"2022-06-01","9","Chevrolet","onix","8","42000","336000"
"2022-06-01","10","JaC Motors","J2","1","13000","13000"
"2022-06-01","11","Renault","Sandero RS","3","80000","240000"
"2022-07-01","1","Fiat","Mobi","40","32000","1280000"
"2022-07-01","2","Volkswagen","Up","35","35000","1225000"
"2022-07-01","3","Kia","Picanto","38","18000","684000"
"2022-07-01","4","Peugeot","2008","6","80000","480000"
"2022-07-01","5","Toyota","Corolla","20","140000","2800000"
"2022-07-01","2","Volkswagen","Jetta","1","120000","120000"
"2022-07-01","7","Mitsubishi","Lancer","3","75000","225000"
"2022-07-01","8","Subaru","WRX","15","250000","3750000"
"2022-07-01","9","Chevrolet","onix","3","55000","165000"
"2022-07-01","10","JaC Motors","J2","4","10000","40000"
"2022-07-01","11","Renault","Duster","8","35000","280000"
"2022-08-01","1","Fiat","Mobi","25","35000","875000"
"2022-08-01","2","Volkswagen","Up","20","38000","760000"
"2022-08-01","3","Kia","Picanto","22","33000","726000"
"2022-08-01","4","Peugeot","208","10","78000","780000"
"2022-08-01","5","Toyota","Corolla","10","14000","140000"
"2022-08-01","6","Nissan","March","1","22000","22000"
"2022-08-01","7","Mitsubishi","L200","3","300000","900000"
"2022-08-01","2","Volkswagen","Saveiro","6","60000","360000"
"2022-08-01","9","Chevrolet","onix","4","45000","180000"
"2022-08-01","10","JaC Motors","J2","1","12000","12000"
"2022-08-01","11","Renault","Clio","4","32000","128000"
"2022-09-01","1","Fiat","Mobi","20","34000","680000"
"2022-09-01","2","Volkswagen","Up","21","45000","945000"
"2022-09-01","3","Kia","Picanto","18","35000","630000"
"2022-09-01","4","Peugeot","307","1","19000","19000"
"2022-09-01","5","Toyota","Corolla","4","120000","480000"
"2022-09-01","6","Nissan","March","2","30000","60000"
"2022-09-01","7","Mitsubishi","Lancer","3","70000","210000"
"2022-09-01","8","Subaru","Brz","5","240000","1200000"
"2022-09-01","9","Chevrolet","onix","4","38000","152000"
"2022-09-01","10","JaC Motors","J2","1","10000","10000"
"2022-09-01","11","Renault","Sandero","1","32000","32000"
"2022-10-01","1","Fiat","Mobi","15","60000","900000"
"2022-10-01","2","Volkswagen","Up","17","54000","918000"
"2022-10-01","3","Kia","Picanto","19","42000","798000"
"2022-10-01","4","Peugeot","206","6","12000","72000"
"2022-10-01","5","Toyota","Yaris","2","60000","120000"
"2022-10-01","2","Volkswagen","Kombi","2","45000","90000"
"2022-10-01","7","Mitsubishi","Lancer","3","80000","240000"
"2022-10-01","8","Subaru","Forester","10","360000","3600000"
"2022-10-01","9","Chevrolet","onix","1","40000","40000"
"2022-10-01","10","JaC Motors","J2","2","14000","28000"
"2022-10-01","11","Renault","Clio","6","36000","216000"
"2022-11-01","1","Fiat","Mobi","25","64000","1600000"
"2022-11-01","2","Volkswagen","Up","26","58000","1508000"
"2022-11-01","3","Kia","Picanto","30","46000","1380000"
"2022-11-01","4","Peugeot","208","15","92000","1380000"
"2022-11-01","5","Toyota","Corolla","6","158000","948000"
"2022-11-01","6","Nissan","March","3","30000","90000"
"2022-11-01","1","Fiat","Uno","2","42000","84000"
"2022-11-01","3","Kia","Rio","1","89000","89000"
"2022-11-01","9","Chevrolet","onix","5","40000","200000"
"2022-11-01","10","JaC Motors","J2","1","12000","12000"
"2022-11-01","11","Renault","Clio","10","42000","420000"
"2022-12-01","1","Fiat","Mobi","32","72000","2304000"
"2022-12-01","2","Volkswagen","Up","24","68000","1632000"
"2022-12-01","3","Kia","Picanto","19","49000","931000"
"2022-12-01","4","Peugeot","2008","1","90000","90000"
"2022-12-01","5","Toyota","Yaris","3","75000","225000"
"2022-12-01","1","Fiat","Palio","1","15000","15000"
"2022-12-01","7","Mitsubishi","Pajero","5","280000","1400000"
"2022-12-01","8","Subaru","Forester","12","360000","4320000"
"2022-12-01","3","Kia","Cerato","2","45000","90000"
"2022-12-01","10","JaC Motors","J2","1","12000","12000"
"2022-12-01","11","Renault","Sandero","6","52000","312000"
